Capability,Status,Evidence,Package,RequiresUBTECH,RequiresCustomDevelopment,HardwareDependency,ProjectImpact,RecommendedNextStep
"A.Base móvil - control de velocidad","Confirmada y disponible","SDK PDF sección 6.2.6.1 cc.api.motion.cmd_vel; demo archive::pub_wheel_command_velocity.cpp:1-42","SDK","No","Sí","Base diferencial Cruzr S2","Permite telemando y aproximación básica; no demuestra navegación de misión","Validar watchdog, rampas y frame/signos en robot suspendido"
"A.Base móvil - navegación autónoma","Confirmada, pero requiere configuración","utars-udoke-config-v0.2.0_offline-001/vision/.metafiles/nav.metafile.yml:3-42; SDK PDF A000002 NavTo","uDoke + SDK","Sí","Sí","Lidar, cámaras, mapa y Orin","Necesaria para ir entre palés y cinta","Solicitar precisión certificada y ejecutar FAT de rutas"
"A.Base móvil - waypoints","Confirmada, pero requiere configuración","SDK PDF sección A000002 NavTo acepta targetId o pose; SOP Mapping on Web.docx","SDK","Sí","Sí","Mapa calibrado de planta","Permite destinos pallet/cinta/salida","Crear mapa y medir dispersión de llegada a cada estación"
"A.Base móvil - localización","Confirmada, pero requiere configuración","utars-udoke-config-v0.2.0_offline-001/vision/.metafiles/nav.metafile.yml:44-58; SDK PDF A000013 Relocation","uDoke + SDK","Sí","Sí","Lidar/cámaras y mapa","Una deriva excesiva rompe el alcance del agarre","Pedir error 95/99 percentil y prueba de relocalización"
"A.Base móvil - mapas","Confirmada y disponible","SDK PDF cc.api.map.list/delete/mapping.start/mapping.stop; utars-udoke-config-v0.2.0_offline-001/vision/.metafiles/nav.metafile.yml:60-90","SDK + uDoke","No","Sí","Entorno accesible para mapping","Base para navegación autónoma","Verificar flujo web y versionado/backup de mapas"
"A.Base móvil - evitación de obstáculos","Parcial","utars-udoke-config-v0.2.0_offline-001/vision/.metafiles/nav.metafile.yml:3-42 configura vnav_perception; drivers.metafile.yml:35-40 configura dos lidar","uDoke","Sí","Sí","Dos lidar y sensores del robot","Probable capacidad, pero no hay parámetros, límites ni evidencia de ensayo","Solicitar safety/performance manual y probar obstáculos estáticos/dinámicos"
"A.Base móvil - precisión de posicionamiento","Requiere soporte de UBTECH","SDK PDF describe NavTo de precisión pero no publica tolerancias ni repetibilidad","SDK","Sí","No","Marcadores/mapa/suelo","Bloquea el alineamiento frente a palé y cinta","Solicitar error XY/yaw y protocolo de aceptación con carga"
"A.Base móvil - docking o recarga","Confirmada, pero requiere configuración","utars-udoke-config-v0.2.0_offline-001/vision/.metafiles/nav.metafile.yml:15-30; system.metafile.yml:24-43","uDoke","Sí","Sí","Base de carga EVT4/Wi-Fi compatible","Permite operación prolongada; no forma parte del demo VLA","Pedir API, tolerancias, interlocks y hardware incluido"
"A.Base móvil - parada segura","Parcial","SDK PDF secciones 2.1-2.5 menciona E-stop físico y fallos de servo; no aparece integración E-stop en VLA executor","SDK + VLA","Sí","Sí","E-stop físico; seguridad industrial externa","El stop VLA no es función de seguridad","Definir arquitectura PL d/SIL, escáneres y validación independiente"
"B.Brazos - control articular","Confirmada y disponible","SDK PDF /mc/sdk/robot_command; VLA executor_node_sdk.py:210-248","SDK + VLA","No","Sí","Dos brazos 7-DoF","Suficiente para prototipos de trayectorias articulares","Validar modos, frecuencias y fallos antes de mover carga"
"B.Brazos - control cartesiano","No encontrada","El SDK sólo documenta FK/IK; no se encontró controlador cartesiano/servo","SDK","Sí","Sí","Modelo/calibración del robot","Complica pregrasp, inserción y compensación de pose","Pedir API cartesiana oficial o desarrollar controlador sobre IK"
"B.Brazos - cinemática directa","Confirmada y disponible","SDK PDF sección 5.11 CalcEndPose","SDK","No","Sí","Bibliotecas /opt/walker/manipulation en robot","Permite validar poses de herramienta","Probar coherencia URDF/calibración/TCP"
"B.Brazos - cinemática inversa","Confirmada y disponible","SDK PDF sección 5.11 CalcJointAnglesForEndPose","SDK","No","Sí","Bibliotecas propietarias en robot","Base de manipulación explícita","Caracterizar convergencia, singularidades y workspace"
"B.Brazos - planificación de trayectorias","Parcial","VLA executor_node_sdk.py:168-207,296-335 interpola en espacio articular; no se encontró MoveIt/OMPL/escena de planificación","VLA","Sí","Sí","URDF depurado y modelo de entorno","No existe prueba de trayectorias libres de colisión","Integrar planificador o pedir stack UBTECH y validar self-collision"
"B.Brazos - control simultáneo bimanual","Confirmada y disponible","Dataset actions de ambos brazos meta/info.json:91-105; VLA executor publica ambos","VLA + SDK","No","Sí","Configuración bimanual/efectores","Es la base del agarre de caja","Ensayar sincronía, reparto de carga y desalineamiento"
"B.Brazos - límites de posición","Parcial","SDK PDF tabla de joints; URDF interno contiene límites; VLA configura rangos de dataset en YAML:35-37,89-91","SDK + VLA","Sí","Sí","Versión mecánica exacta","Hay límites, pero el ejecutor no los valida contra límites de hardware","Añadir clamps por joint y confirmar límites homologados"
"B.Brazos - límites de velocidad","Parcial","SDK PDF tabla nominal/máxima; executor_node_sdk.py:88-95 usa límite global 6.28 rad/s","SDK + VLA","Sí","Sí","Controladores de joint","El límite VLA excede el máximo documentado de brazos (30 rpm ≈ 3.14 rad/s)","Corregir por joint y validar unidades/tiempo real"
"B.Brazos - límites de aceleración","No encontrada","URDF y ejecutor no aportan límites de aceleración; chunk pone aceleraciones a cero gr00t_inference.py:622-630","VLA + SDK","Sí","Sí","Datos del actuador","Riesgo de jerk, deslizamiento de caja y vuelco","Solicitar límites y añadir perfiles jerk-limited"
"B.Brazos - límites de esfuerzo","Parcial","SDK PDF tabla de torque y RobotCommand effort; VLA envía esfuerzo cero executor_node_sdk.py:227-235","SDK + VLA","Sí","Sí","Sensores/servos","No hay limitación de fuerza en el demo","Pedir semántica de effort/PVT y control de fuerza validado"
"B.Brazos - detección de colisión","No encontrada","No hay comprobación de colisión/self-collision en el runtime VLA; sólo velocidad executor_node_sdk.py:135-166","VLA","Sí","Sí","Modelo de colisión y sensores","Bloqueador de seguridad y daño al robot/celda","Exigir solución UBTECH o integrar planning scene + monitor independiente"
"B.Brazos - compliance/control de fuerza","Parcial","RobotState incluye ft_states en SDK PDF; dataset registra 12 FT meta/info.json:72-83, pero inferencia no las usa model_interface_general_ros2.py:187-246","SDK + VLA","Sí","Sí","Dos sensores F/T de muñeca","No permite agarre/volcado robusto ante contacto","Pedir controlador de impedancia/admitancia y calibración F/T"
"B.Brazos - payload máximo por brazo","Requiere soporte de UBTECH","SDK PDF sólo documenta 15 kg con ambos brazos","SDK","Sí","No","Efector, alcance y postura","Impide dimensionar caja y margen dinámico","Solicitar curvas de payload por brazo, postura, TCP y aceleración"
"B.Brazos - payload máximo con ambos brazos","Confirmada y disponible","SDK PDF especificación: doble brazo máximo 15 kg","SDK","Sí","No","Efector y centro de gravedad","Techo nominal; no equivale a carga útil industrial durante movimiento/volcado","Obtener curva dinámica y factor de seguridad certificado"
"C.Efector - apertura/cierre PGC","Confirmada y disponible","SDK PDF sección 5.10.2 topics /ecat/left_grip/cmd y /ecat/right_grip/cmd","SDK","No","Sí","PGC-140-50 realmente instalado","API lista para pruebas de pinza","Confirmar variante HW_TYPE y realizar homing seguro"
"C.Efector - control de fuerza PGC","Confirmada y disponible","SDK PDF GripCmd fuerza 0-100 N y apertura 0-0.05 m","SDK","Sí","Sí","Pinza PGC-140-50","Fuerza mandada; exactitud y regulación no documentadas","Solicitar tolerancia, curva y límites por material"
"C.Efector - sensores","Parcial","GripStatus expone posición, velocidad y corriente; RobotState expone F/T; no se documenta táctil en PGC","SDK","Sí","Sí","PGC + F/T","Permite inferencia indirecta, no contacto distribuido","Validar corriente/fuerza frente a dinamómetro"
"C.Efector - estados","Confirmada y disponible","SDK PDF GripStatus init_state, grip_state, error_code, homed, pos, vel, cur","SDK","No","Sí","PGC instalada","Permite supervisar movimiento, grip y caída","Mapear estados a máquina de misión y fallos"
"C.Efector - detección de agarre","Parcial","GripStatus define estado grip=2 y dropped=3; el VLA no lo consume","SDK + VLA","No","Sí","PGC instalada","Existe señal pero falta cerrar el bucle del caso de caja","Integrar GripStatus/F-T y reglas de reintento"
"C.Efector - objetos admitidos","Requiere soporte de UBTECH","SDK especifica 50 mm de carrera; no hay catálogo de geometrías/materiales admisibles","SDK","Sí","Sí","Dedos/adaptadores específicos","Una caja de 600 mm sin asas no cabe entre dedos PGC","Validar agarre por asas o diseñar placas/end-effector"
"C.Efector - sustitución/adaptación","Requiere soporte de UBTECH","Manual enumera clamp, mano v3/v4 y gripper; no hay interfaz mecánica/eléctrica completa","SDK","Sí","Sí","Brida, cableado y controlador","Probablemente necesario para caja sin asas","Pedir CAD, patrón, payload, alimentación y proceso de homologación"
"C.Efector - API de control","Confirmada y disponible","SDK PDF secciones 5.7, 5.9 y 5.10; demo archive contiene GripCmd/GripStatus y hand commands","SDK","No","Sí","Efector coincidente con HW_TYPE","Permite integrar efector fuera del VLA","Elegir efector y probar todas las transiciones/fallos"
"D.Visión - RGB","Confirmada y disponible","SDK PDF secciones 5.3/5.4; drivers.metafile.yml:15-33","SDK + uDoke","No","Sí","Cámaras instaladas","Entrada disponible para percepción/VLA","Medir latencia, FPS, exposición e iluminación de planta"
"D.Visión - profundidad","Confirmada y disponible","SDK PDF topics RGBD depth de chasis/cintura y stereo depth; drivers.metafile.yml:27-33","SDK + uDoke","No","Sí","Gemini 2L/estéreo","Útil para pose/volumen, aunque VLA suministrado no la usa","Validar rango, ruido y superficies de caja"
"D.Visión - nube de puntos","Confirmada y disponible","SDK PDF topic /sensor/camera/stereo/pointcloud/raw","SDK","No","Sí","Estéreo calibrado","Base de localización 3D explícita","Verificar frame, densidad y sincronización"
"D.Visión - calibración intrínseca","Confirmada y disponible","SDK PDF CameraInfo para RGBD/estéreo","SDK","No","Sí","Calibración por unidad","Necesaria para métricas 3D","Capturar CameraInfo y verificar reproyección"
"D.Visión - calibración extrínseca","Confirmada, pero requiere configuración","SDK PDF sección 1.4.2; drivers.metafile.yml:63-68 calibration_node","SDK + uDoke","Sí","Sí","Cadena TF/calibración del robot","Error extrínseco se convierte en error de agarre","Hacer hand-eye/TCP calibration y guardar incertidumbre"
"D.Visión - transformaciones TF","Confirmada, pero requiere configuración","system.metafile.yml:2-20 usa STATIC_TF_CHAIN_FILE; SDK PDF tabla de extrínsecos","uDoke + SDK","Sí","Sí","Archivo por robot","Cadena disponible pero debe verificarse tras cambio de efector","Auditar árbol TF y timestamp bajo carga"
"D.Visión - detección de objetos","Parcial","box_pose_estimation.metafile.yml:1-12 configura box_pose_estimator_node; no se exponen contrato ni métricas","uDoke","Sí","Sí","GPU, modelo/config BYD y cámara","Hay componente cerrado, no evidencia de generalización a cajas de La Palma","Solicitar API/model card y probar dataset del cliente"
"D.Visión - segmentación","No encontrada","No se identificó interfaz o modelo de segmentación integrado en la misión","Todos","Sí","Sí","GPU/cámara si se desarrolla","Puede ser necesaria para cajas apiladas/oclusiones","Definir método de percepción y dataset"
"D.Visión - pose 6D","Confirmada, pero requiere configuración","box_pose_estimation.metafile.yml:2-12; imagen vision etiqueta pose_6d_estimation 1.1.4","uDoke","Sí","Sí","Orin GPU y config/model exactos","Prometedor para pregrasp, pero es variante BYD/walker_s2 no validada","Obtener topics, frames, clases, licencia y precisión"
"D.Visión - punto de agarre 3D","Requiere desarrollo propio","No se encontró cálculo de grasp pose/TCP desde pose 6D o point cloud","Todos","Sí","Sí","Modelo de caja y efector","Bloqueador directo de pick autónomo","Desarrollar grasp planner con tolerancias y validación"
"D.Visión - seguimiento","No encontrada","No se encontró tracker de caja integrado ni contrato de seguimiento","Todos","Sí","Sí","Cámara/GPU","Afecta base/cinta/objetos móviles","Definir si la cinta se detiene o integrar tracking"
"D.Visión - modelos disponibles","Parcial","Checkpoint GR00T incluido; imagen uDoke tiene nav_model y pose 6D, pero modelos cerrados sin model cards","VLA + uDoke","Sí","No","Orin GPU","Hay artefactos, falta alcance/licencia/métricas","Pedir BOM y model cards de cada modelo"
"D.Visión - datos de entrenamiento","Confirmada y disponible","dataset meta/info.json:2-112; 500 Parquet + 500 MP4","VLA","No","Sí","Almacenamiento y GPU para uso","Permite estudiar/fine-tune del demo","Auditar calidad, consentimiento/licencia y crear val/test"
"E.Manipulación - pick-and-place","Parcial","Cuatro tareas en meta/tasks.jsonl:1-4 y tutorial VLA SDK PDF sección 7.3","VLA + SDK","Sí","Sí","Clamp/efector y escena equivalente","Sólo demo condicionado; no misión completa","Reproducir en jaula de pruebas con métricas"
"E.Manipulación - levantamiento de cajas","Parcial","SDK PDF sección 7.3 fija caja 60x40x22 cm a 1 m; dataset de pick/place","VLA","Sí","Sí","Clamp y caja equivalentes","Evidencia de intención/datos, no de tasa de éxito ni peso","Solicitar lifting box process test y vídeo/logs"
"E.Manipulación - agarre bimanual","Parcial","Acciones de ambos brazos en meta/info.json:91-105; no hay acción de pinza/clamp","VLA","Sí","Sí","Placas clamp o efector adaptado","Coordinación articular sí; cierre/verificación de agarre no","Definir mecánica, reparto de fuerza y estado de agarre"
"E.Manipulación - transportar caja moviendo base","No encontrada","El VLA no acciona ruedas y el tutorial exige colocar la base manualmente antes de inferir","VLA","Sí","Sí","Base, carga y safety scanner","Paso esencial de La Palma no implementado","Diseñar coordinación secuencial base-brazos y probar estabilidad"
"E.Manipulación - inclinación/vaciado","No encontrada","No existe tarea, trayectoria, dataset ni política de volcado","Todos","Sí","Sí","Caja/efector/cinta y contención","Bloqueador central del caso de uso","Prototipar offline, calcular CoG/torques y entrenar/planificar"
"E.Manipulación - colocación sobre palés","No encontrada","Dataset sólo estantes; no hay pallet detection/pose/stack planner","VLA","Sí","Sí","Palés y visión","No cubre toma/deposición real del cliente","Crear percepción y planner específicos de palé"
"E.Manipulación - detección de fallo de agarre","Parcial","GripStatus contempla dropped; VLA no integra GripStatus ni F/T","SDK + VLA","No","Sí","PGC/F-T","La señal existe, la misión no reacciona","Añadir supervisor y ensayos de slip/drop"
"E.Manipulación - recuperación ante errores","No encontrada","Action VLA marca succeed incluso con resultado failure gr00t_inference.py:240-251; no hay recovery tree","VLA","Sí","Sí","Estado de robot/efector/celda","Fallo puede quedar falsamente exitoso","Corregir semántica y diseñar recoveries seguros"
"E.Manipulación - repetibilidad","Requiere soporte de UBTECH","No hay resultados estadísticos, tolerancias ni test/validation split","Todos","Sí","Sí","Robot, caja y entorno","No se puede estimar OEE ni calidad","Exigir ≥100 ciclos por variante y reporte de errores"
"E.Manipulación - ejemplo completo","Parcial","SDK PDF tutorial 7.3 + imágenes/dataset/checkpoint; requiere posicionamiento manual y varios terminales","SDK + VLA","Sí","Sí","Robot/config/efector coincidentes","Es un ejemplo de laboratorio, no flujo pallet-cinta-pallet","Solicitar demo end-to-end reproducible y versión homologada"
"F.Programación - SDK explícito","Confirmada y disponible","SDK demo y ubt_api_tiny C++/Python; /mc/sdk y cc.api","SDK","No","Sí","Robot en developer mode","Permite construir orquestación propia","Adoptar API alta para misión y encapsular low-level"
"F.Programación - reproducción de trayectorias","Confirmada y disponible","SDK PDF 7.1.2.2 manipulation_outline_sdk player","SDK","No","Sí","Stack manipulation en motion","Útil para poses y secuencias fijas","Validar versionado, límites y cancelación"
"F.Programación - teaching points","Parcial","Web mapping permite puntos de navegación; no se encontró guiado manual/gravity compensation de brazos","SDK","Sí","Sí","Interfaz de enseñanza","Waypoints sí, teaching manipulador no demostrado","Pedir método oficial de hand-guiding/pose teaching"
"F.Programación - teleoperación","Confirmada, pero requiere configuración","SDK PDF 7.1; motion.metafile.yml:11,31-45","SDK + uDoke","Sí","Sí","Pico/VR/Xsens/exoesqueleto y signal_server","Permite capturar demostraciones si se entrega el hardware/SOP","Confirmar licencias, kit y latencia"
"F.Programación - programación por demostración","Parcial","SDK PDF record/player/editor 7.1.2.1-7.1.2.3; data_config.py:859-939 variante teleop","SDK + VLA","Sí","Sí","Sistema teleop y conversor de datos","Hay piezas, no pipeline completo motion→LeRobot incluido","Pedir herramienta de conversión y procedimiento validado"
"F.Programación - imitación","Confirmada, pero requiere configuración","gr00t_finetune.py:194-267,344-404; checkpoint GR00T","VLA","Sí","Sí","GPU de entrenamiento y dataset","Permite adaptar conducta a demostraciones","Crear val/test y gobernanza de modelos"
"F.Programación - VLA","Confirmada, pero requiere configuración","gr00t_inference.py:22-120; model_interface_general_ros2.py:61-68","VLA","Sí","Sí","Jetson Orin CUDA","Inferencia local disponible como demo","Resolver incompatibilidades y añadir supervisor seguro"
"F.Programación - aprendizaje por visión","Confirmada, pero requiere configuración","data_config.py:773-857 usa RGB + lenguaje + estado/acción","VLA","Sí","Sí","GPU y dataset de planta","Modelo aprende acciones a partir de RGB","Capturar variabilidad real e incluir validación"
"F.Programación - fine-tuning","Confirmada y disponible","gr00t_finetune.py:36-135,260-267,357-459","VLA","Sí","Sí","GPU CUDA externa; VRAM no documentada","Código existe, entorno/hardware no especificado","Pedir receta exacta, GPU/VRAM y locks"
"F.Programación - chaleco/exoesqueleto/captura","Parcial","SDK PDF enumera pico, vr, xsens, exoskeleton; motion.metafile.yml:31-45 VRPN/rtm_receiver","SDK + uDoke","Sí","Sí","Dispositivo externo y licencias","Posible adquisición, no incluido ni validado","Solicitar BOM de hardware y compatibilidad por efector"
"F.Programación - simulación","Parcial","URDF y USD entregados; no hay transmisión ros2_control, MoveIt config ni escenario/launch Isaac Sim","SDK","Sí","Sí","Estación GPU/simulador","Visualización posible; sim-to-real y control no listos","Pedir paquete de simulación oficial y parámetros dinámicos"
"F.Programación - generación/reproducción datasets","Parcial","SDK record/player/editor; dataset LeRobot; falta conversor y herramienta de etiquetado end-to-end","SDK + VLA","Sí","Sí","Teleop y almacenamiento","Se puede construir pipeline con desarrollo","Solicitar recorder LeRobot oficial y esquema sincronizado"
"G.Industrial - entradas/salidas digitales","No encontrada","No se halló API GPIO/digital I/O de usuario","Todos","Sí","Sí","Módulo I/O externo","Necesario para handshakes de máquina","Seleccionar I/O/PLC de seguridad externo"
"G.Industrial - PLC","No encontrada","No hay cliente/servidor PLC de misión en archivos","Todos","Sí","Sí","PLC externo","Bloquea integración US/Polonia","Definir protocolo, señales y ownership"
"G.Industrial - OPC UA","No encontrada","Sin referencias de integración OPC UA","Todos","No","Sí","Gateway/PLC","No existe interfaz estándar de fábrica","Implementar gateway si el cliente lo exige"
"G.Industrial - Modbus","No encontrada","Sin referencias de integración Modbus","Todos","No","Sí","Gateway/PLC","No existe interfaz estándar de máquina","Implementar gateway o usar PLC"
"G.Industrial - TCP/IP","Confirmada y disponible","SDK PDF ControlCenter TCP 51000; system.metafile.yml:71-86","SDK + uDoke","No","Sí","LAN aislada","Base para orquestación no safety","Autenticar, segmentar y especificar protocolo"
"G.Industrial - REST","Parcial","Código GR00T vendorizado eval/http_server.py:3-85 y map HTTP interno; no está integrado en misión","VLA + uDoke","Sí","Sí","Red/servidor","No es API industrial lista","No exponer; crear gateway autenticado si es necesario"
"G.Industrial - ROS bridge","Confirmada, pero requiere configuración","vision/.metafiles/web.metafile.yml:18-29 rosbridge websocket","uDoke","Sí","Sí","Red ROS 2","Facilita integración pero amplía superficie de ataque","Restringir interfaz, autenticación y ACL"
"G.Industrial - accionar pulsadores/máquinas","Requiere desarrollo propio","No hay skills, tooling ni interfaz de máquina específica","Todos","Sí","Sí","Tooling físico o PLC/I/O","Los casos US/Polonia no están cubiertos","Preferir handshake eléctrico/PLC a pulsación física"
"G.Industrial - señales de ciclo","Requiere desarrollo propio","No se encontró state machine/handshake de célula","Todos","Sí","Sí","PLC/I/O","Necesarias para ciclo automático y recuperación","Especificar ISA-88/PackML-like states y timeouts"
"G.Industrial - seguridad industrial","No encontrada","Sólo E-stop de robot y avisos; sin safety PLC/scanner/PL/SIL","Todos","Sí","Sí","Safety PLC, scanners, fencing/interlocks","Impide operación industrial autónoma con personas","Realizar risk assessment ISO 12100/10218 y diseño CE/local"
"G.Industrial - parada de emergencia","Parcial","SDK PDF confirma botón físico posterior; no hay circuito/API de integración de célula","SDK","Sí","Sí","E-stop/cadena safety externa","No basta para una célula industrial","Solicitar arquitectura eléctrica y añadir E-stops de celda"
"G.Industrial - zonas de trabajo","No encontrada","No hay zonas safety, speed-and-separation o geofencing validado","Todos","Sí","Sí","Scanners/control safety","Bloquea colaboración segura","Diseñar zonas y validación independiente"
"H.Operación - software propio","Confirmada y disponible","SDK PDF recomienda contenedores Ubuntu 22.04/Humble; API wheels/libs para dos arquitecturas","SDK","No","Sí","Acceso a Orin/x86","Despliegue posible en contenedor de developer","Crear imagen inmutable propia y contrato de interfaces"
"H.Operación - arranque automático","Parcial","uDoke restart always y metafiles; contenedores VLA se arrancan manualmente según tutorial","uDoke + VLA","Sí","Sí","uDoke/systemd","Misión VLA no arranca como servicio gestionado","Integrar servicios con healthchecks y orden de arranque"
"H.Operación - actualización","Confirmada, pero requiere configuración","SDK Upgrade SOP; replace.json:2-37; uDoke 0.8.7","SDK + uDoke","Sí","Sí","Paquetes oficiales y acceso administrativo","Existe proceso, pero modifica profundamente el host","Ensayar en clon, verificar firmas y ventana de mantenimiento"
"H.Operación - rollback","No encontrada","No hay manifiesto/procedimiento de rollback o backup verificado","uDoke","Sí","Sí","Imagen de disco/backup","Una actualización fallida puede inmovilizar el robot","Exigir rollback oficial y practicar restore"
"H.Operación - logs","Confirmada, pero requiere configuración","ROSA_LOG_DIR en metafiles; loglect/log-agent/Loki incluidos","uDoke","No","Sí","Almacenamiento/retención","Buena base de diagnóstico","Definir correlación de misión, retención y exportación"
"H.Operación - monitorización","Confirmada, pero requiere configuración","motion/.metafiles/monitor.metafile.yml:1-23; Netdata/Loki incluidos","uDoke","No","Sí","Red/almacenamiento","Telemetría de host disponible; privilegios elevados","Restringir acceso y añadir KPIs de robot/misión"
"H.Operación - diagnóstico","Confirmada, pero requiere configuración","system.metafile.yml:92-120 self_check; SDK API fault current/subscribe","SDK + uDoke","No","Sí","Servicios base activos","Permite integrar health supervision","Documentar códigos y políticas de recuperación"
"H.Operación - recuperación","Parcial","Fallos de servo y self-check documentados; no hay recovery de misión ni rollback","SDK + uDoke + VLA","Sí","Sí","Operador y acceso service","Requiere diseño para producción desatendida","Crear estados safe-stop/retry/manual-intervention"
"H.Operación - licencias/funciones de pago","Requiere soporte de UBTECH","No hay licencia global para SDK, dataset, checkpoint, imágenes o teleop","Todos","Sí","No","Contrato/licencias UBTECH/NVIDIA","Puede impedir despliegue comercial/redistribución","Obtener derechos escritos, costes y soporte de ciclo de vida"
